date,query_id,query_text,category,platform,mentioned,accurate,position,competitors,competitor_ranks,brand_rank,brand_cited,description
2026-04-04,1,Best facial spa in Katy TX,direct_discovery,anthropic,no,no,,,,,no,
2026-04-04,2,Best HydraFacial in Katy Texas,direct_discovery,anthropic,no,no,,,,,no,
2026-04-04,3,Best facial spa near Houston TX,direct_discovery,anthropic,no,no,,Spa at the Post Oak; Sanctuary Spa; Milk + Honey; Hiatus Spa,1:Spa at the Post Oak; 2:Sanctuary Spa; 3:Milk + Honey; 4:Hiatus Spa,,no,
2026-04-04,4,Best medspa in Katy TX,direct_discovery,anthropic,no,no,,,,,no,
2026-04-04,5,Top rated skincare spa Katy Texas,direct_discovery,anthropic,no,no,,,,,no,
2026-04-04,6,Best place for facials in Katy TX,direct_discovery,anthropic,no,no,,Massage Envy,1:Massage Envy,,no,
2026-04-04,7,Professional facial treatment Katy TX,direct_discovery,anthropic,no,no,,,,,no,
2026-04-04,8,Best facial spa west Houston,direct_discovery,anthropic,no,no,,Massage Envy,1:Massage Envy,,no,
2026-04-04,9,Best microneedling treatment in Katy TX,treatment_discovery,anthropic,no,no,,,,,no,
2026-04-04,10,PRP facial treatment Katy Texas,treatment_discovery,anthropic,no,no,,,,,no,
2026-04-04,11,Best chemical peel facial Katy TX,treatment_discovery,anthropic,no,no,,,,,no,
2026-04-04,12,Radiofrequency microneedling Katy TX,treatment_discovery,anthropic,no,no,,,,,no,
2026-04-04,13,Aquagold facial treatment near Houston,treatment_discovery,anthropic,no,no,,,,,no,
2026-04-04,14,Best acne facial treatment Katy Texas,treatment_discovery,anthropic,no,no,,,,,no,
2026-04-04,15,Anti-aging facial treatments Katy TX,treatment_discovery,anthropic,no,no,,,,,no,
2026-04-04,16,Dermaplaning facial Katy TX,treatment_discovery,anthropic,no,no,,,,,no,
2026-04-04,17,How to treat acne scars in Katy TX,problem_aware,anthropic,no,no,,,,,no,
2026-04-04,18,Best treatment for melasma near Houston,problem_aware,anthropic,no,no,,,,,no,
2026-04-04,19,How to reduce wrinkles without surgery Houston area,problem_aware,anthropic,no,no,,,,,no,
2026-04-04,20,Best treatment for hyperpigmentation Katy TX,problem_aware,anthropic,no,no,,,,,no,
2026-04-04,21,Where to get PRP for hair loss Katy Texas,problem_aware,anthropic,no,no,,,,,no,
2026-04-04,22,How to tighten sagging skin without surgery Houston,problem_aware,anthropic,no,no,,,,,no,
2026-04-04,23,Best facial for dry dehydrated skin Katy TX,problem_aware,anthropic,no,no,,,,,no,
2026-04-04,24,Teen acne treatment options Katy Texas,problem_aware,anthropic,no,no,,,,,no,
2026-04-04,25,GV Skincare Katy TX reviews,comparison,anthropic,yes,yes,top,,,1,yes,Let me search for more specific reviews of GV Skincare to get more detailed customer feedback.
2026-04-04,26,Best spas in Katy TX comparison,comparison,anthropic,no,no,,,,,no,
2026-04-04,27,Hand and Stone vs independent facial spa Katy,comparison,anthropic,no,no,,Hand & Stone,1:Hand & Stone,,no,
2026-04-04,28,Woodhouse Spa alternatives Katy Houston,comparison,anthropic,no,no,,Woodhouse Spa; Trellis Spa; Milk + Honey; Hiatus Spa; Sanctuary Spa,1:Woodhouse Spa; 2:Trellis Spa; 3:Milk + Honey; 4:Hiatus Spa; 5:Sanctuary Spa,,no,
2026-04-04,29,Best HydraFacial provider Houston Katy area,comparison,anthropic,no,no,,,,,no,
2026-04-04,30,Milk and Honey spa alternatives west Houston,comparison,anthropic,no,no,,Milk + Honey; Trellis Spa; Hiatus Spa; Sanctuary Spa; Woodhouse Spa,1:Milk + Honey; 2:Trellis Spa; 3:Hiatus Spa; 4:Sanctuary Spa; 5:Woodhouse Spa,,no,
2026-04-04,31,Is HydraFacial worth it?,thought_leadership,anthropic,no,no,,RealSelf,1:RealSelf,,no,
2026-04-04,32,PRP facial vs microneedling which is better,thought_leadership,anthropic,no,no,,,,,no,
2026-04-04,33,How often should you get a facial?,thought_leadership,anthropic,no,no,,,,,no,
2026-04-04,34,What is radiofrequency microneedling?,thought_leadership,anthropic,no,no,,,,,no,
2026-04-04,35,Best anti-aging treatments 2026,thought_leadership,anthropic,no,no,,,,,no,
2026-04-04,36,Chemical peel vs microneedling for acne scars,thought_leadership,anthropic,no,no,,,,,no,
2026-04-04,37,Mejor spa facial en Katy Texas,spanish,anthropic,no,no,,,,,no,
2026-04-04,38,Tratamiento facial profesional en Katy TX,spanish,anthropic,no,no,,Massage Envy,1:Massage Envy,,no,
2026-04-04,39,HydraFacial en Katy Texas,spanish,anthropic,no,no,,Massage Envy,1:Massage Envy,,no,
2026-04-04,40,Mejor tratamiento para el acne en Katy TX,spanish,anthropic,no,no,,,,,no,
2026-04-04,1,Best facial spa in Katy TX,direct_discovery,gemini,no,no,,,,,no,
2026-04-04,2,Best HydraFacial in Katy Texas,direct_discovery,gemini,no,no,,,,,no,
2026-04-04,3,Best facial spa near Houston TX,direct_discovery,gemini,no,no,,,,,no,
2026-04-04,4,Best medspa in Katy TX,direct_discovery,gemini,no,no,,,,,no,
2026-04-04,5,Top rated skincare spa Katy Texas,direct_discovery,gemini,no,no,,,,,no,
2026-04-04,6,Best place for facials in Katy TX,direct_discovery,gemini,no,no,,,,,no,
2026-04-04,7,Professional facial treatment Katy TX,direct_discovery,gemini,no,no,,Hand & Stone; Groupon,1:Hand & Stone; 2:Groupon,,no,
2026-04-04,8,Best facial spa west Houston,direct_discovery,gemini,no,no,,Sanctuary Spa,1:Sanctuary Spa,,no,
2026-04-04,9,Best microneedling treatment in Katy TX,treatment_discovery,gemini,no,no,,,,,no,
2026-04-04,10,PRP facial treatment Katy Texas,treatment_discovery,gemini,no,no,,,,,no,
2026-04-04,11,Best chemical peel facial Katy TX,treatment_discovery,gemini,no,no,,,,,no,
2026-04-04,12,Radiofrequency microneedling Katy TX,treatment_discovery,gemini,no,no,,,,,no,
2026-04-04,13,Aquagold facial treatment near Houston,treatment_discovery,gemini,no,no,,,,,no,
2026-04-04,14,Best acne facial treatment Katy Texas,treatment_discovery,gemini,no,no,,Massage Envy,1:Massage Envy,,no,
2026-04-04,15,Anti-aging facial treatments Katy TX,treatment_discovery,gemini,no,no,,,,,no,
2026-04-04,16,Dermaplaning facial Katy TX,treatment_discovery,gemini,no,no,,,,,no,
2026-04-04,17,How to treat acne scars in Katy TX,problem_aware,gemini,no,no,,,,,no,
2026-04-04,18,Best treatment for melasma near Houston,problem_aware,gemini,no,no,,,,,no,
2026-04-04,19,How to reduce wrinkles without surgery Houston area,problem_aware,gemini,no,no,,Bellaire Dermatology,1:Bellaire Dermatology,,no,
2026-04-04,20,Best treatment for hyperpigmentation Katy TX,problem_aware,gemini,no,no,,,,,no,
2026-04-04,21,Where to get PRP for hair loss Katy Texas,problem_aware,gemini,no,no,,,,,no,
2026-04-04,22,How to tighten sagging skin without surgery Houston,problem_aware,gemini,no,no,,Bellaire Dermatology,1:Bellaire Dermatology,,no,
2026-04-04,23,Best facial for dry dehydrated skin Katy TX,problem_aware,gemini,no,no,,,,,no,
2026-04-04,24,Teen acne treatment options Katy Texas,problem_aware,gemini,no,no,,,,,no,
2026-04-04,25,GV Skincare Katy TX reviews,comparison,gemini,yes,yes,top,,,1,yes,"I didn't find any direct reviews for GV Skincare in Katy, TX in the search results. However, I did find some information about the services they offer and the philosophy behind the skincare."
2026-04-04,26,Best spas in Katy TX comparison,comparison,gemini,no,no,,Hand & Stone,1:Hand & Stone,,no,
2026-04-04,27,Hand and Stone vs independent facial spa Katy,comparison,gemini,no,no,,Hand & Stone,1:Hand & Stone,,no,
2026-04-04,28,Woodhouse Spa alternatives Katy Houston,comparison,gemini,no,no,,Trellis Spa,1:Trellis Spa,,no,
2026-04-04,29,Best HydraFacial provider Houston Katy area,comparison,gemini,no,no,,,,,no,
2026-04-04,30,Milk and Honey spa alternatives west Houston,comparison,gemini,no,no,,Milk + Honey; Trellis Spa; Hiatus Spa,1:Milk + Honey; 2:Trellis Spa; 3:Hiatus Spa,,no,
2026-04-04,31,Is HydraFacial worth it?,thought_leadership,gemini,no,no,,,,,no,
2026-04-04,32,PRP facial vs microneedling which is better,thought_leadership,gemini,no,no,,,,,no,
2026-04-04,33,How often should you get a facial?,thought_leadership,gemini,no,no,,,,,no,
2026-04-04,34,What is radiofrequency microneedling?,thought_leadership,gemini,no,no,,,,,no,
2026-04-04,35,Best anti-aging treatments 2026,thought_leadership,gemini,no,no,,,,,no,
2026-04-04,36,Chemical peel vs microneedling for acne scars,thought_leadership,gemini,no,no,,,,,no,
2026-04-04,37,Mejor spa facial en Katy Texas,spanish,gemini,no,no,,,,,no,
2026-04-04,38,Tratamiento facial profesional en Katy TX,spanish,gemini,no,no,,,,,no,
2026-04-04,39,HydraFacial en Katy Texas,spanish,gemini,no,no,,,,,no,
2026-04-04,40,Mejor tratamiento para el acne en Katy TX,spanish,gemini,no,no,,,,,no,
2026-04-04,1,Best facial spa in Katy TX,direct_discovery,grok,no,no,,,,,no,
2026-04-04,2,Best HydraFacial in Katy Texas,direct_discovery,grok,no,no,,,,,no,
2026-04-04,3,Best facial spa near Houston TX,direct_discovery,grok,no,no,,Milk + Honey; Sanctuary Spa; Face Foundrie; Trellis Spa,1:Milk + Honey; 2:Sanctuary Spa; 3:Face Foundrie; 4:Trellis Spa,,no,
2026-04-04,4,Best medspa in Katy TX,direct_discovery,grok,no,no,,RealSelf,1:RealSelf,,no,
2026-04-04,5,Top rated skincare spa Katy Texas,direct_discovery,grok,no,no,,,,,no,
2026-04-04,6,Best place for facials in Katy TX,direct_discovery,grok,no,no,,Hand & Stone,1:Hand & Stone,,no,
2026-04-04,7,Professional facial treatment Katy TX,direct_discovery,grok,no,no,,Massage Envy,1:Massage Envy,,no,
2026-04-04,8,Best facial spa west Houston,direct_discovery,grok,no,no,,Trellis Spa,1:Trellis Spa,,no,
2026-04-04,9,Best microneedling treatment in Katy TX,treatment_discovery,grok,yes,yes,mid,,,1,no,"- **GV Skincare Center**: Highly rated (5/5 on Yelp) for microneedling, focusing on skin rejuvenation and textural issues like large pores and acne scars. They offer treatments like collagen-stimulati"
2026-04-04,10,PRP facial treatment Katy Texas,treatment_discovery,grok,no,no,,LaserAway,1:LaserAway,,no,
2026-04-04,11,Best chemical peel facial Katy TX,treatment_discovery,grok,no,no,,,,,no,
2026-04-04,12,Radiofrequency microneedling Katy TX,treatment_discovery,grok,no,no,,,,,no,
2026-04-04,13,Aquagold facial treatment near Houston,treatment_discovery,grok,no,no,,Milk + Honey; RealSelf,1:Milk + Honey; 2:RealSelf,,no,
2026-04-04,14,Best acne facial treatment Katy Texas,treatment_discovery,grok,no,no,,,,,no,
2026-04-04,15,Anti-aging facial treatments Katy TX,treatment_discovery,grok,no,no,,,,,no,
2026-04-04,16,Dermaplaning facial Katy TX,treatment_discovery,grok,no,no,,,,,no,
2026-04-04,17,How to treat acne scars in Katy TX,problem_aware,grok,yes,yes,bottom,,,1,no,"- **Other Top-Rated Spots**: GV Skincare Center, Age Less Skincare, and 4Ever Glow Salon & MedSpa are highly reviewed on Yelp for acne scar removal, offering services like microneedling and peels[[10]"
2026-04-04,18,Best treatment for melasma near Houston,problem_aware,grok,no,no,,RealSelf,1:RealSelf,,no,
2026-04-04,19,How to reduce wrinkles without surgery Houston area,problem_aware,grok,no,no,,Sephora; RealSelf; Ideal Image,1:Sephora; 2:RealSelf; 3:Ideal Image,,no,
2026-04-04,20,Best treatment for hyperpigmentation Katy TX,problem_aware,grok,no,no,,,,,no,
2026-04-04,21,Where to get PRP for hair loss Katy Texas,problem_aware,grok,no,no,,,,,no,
2026-04-04,22,How to tighten sagging skin without surgery Houston,problem_aware,grok,no,no,,Bellaire Dermatology; RealSelf,1:Bellaire Dermatology; 2:RealSelf,,no,
2026-04-04,23,Best facial for dry dehydrated skin Katy TX,problem_aware,grok,no,no,,,,,no,
2026-04-04,24,Teen acne treatment options Katy Texas,problem_aware,grok,no,no,,,,,no,
2026-04-04,25,GV Skincare Katy TX reviews,comparison,grok,yes,yes,featured,,,1,yes,"### GV Skincare Center Reviews in Katy, TX"
2026-04-04,26,Best spas in Katy TX comparison,comparison,grok,no,no,,,,,no,
2026-04-04,27,Hand and Stone vs independent facial spa Katy,comparison,grok,no,no,,Hand & Stone; Groupon,1:Hand & Stone; 2:Groupon,,no,
2026-04-04,28,Woodhouse Spa alternatives Katy Houston,comparison,grok,no,no,,Woodhouse Spa; Trellis Spa; Milk + Honey,1:Woodhouse Spa; 2:Trellis Spa; 3:Milk + Honey,,no,
2026-04-04,29,Best HydraFacial provider Houston Katy area,comparison,grok,no,no,,Milk + Honey,1:Milk + Honey,,no,
2026-04-04,30,Milk and Honey spa alternatives west Houston,comparison,grok,no,no,,Milk + Honey; Trellis Spa; Hiatus Spa; Spa at the Post Oak; Sanctuary Spa,1:Milk + Honey; 2:Trellis Spa; 3:Hiatus Spa; 4:Spa at the Post Oak; 5:Sanctuary Spa,,no,
2026-04-04,31,Is HydraFacial worth it?,thought_leadership,grok,no,no,,,,,no,
2026-04-04,32,PRP facial vs microneedling which is better,thought_leadership,grok,no,no,,,,,no,
2026-04-04,33,How often should you get a facial?,thought_leadership,grok,no,no,,,,,no,
2026-04-04,34,What is radiofrequency microneedling?,thought_leadership,grok,no,no,,,,,no,
2026-04-04,35,Best anti-aging treatments 2026,thought_leadership,grok,no,no,,,,,no,
2026-04-04,36,Chemical peel vs microneedling for acne scars,thought_leadership,grok,no,no,,,,,no,
2026-04-04,37,Mejor spa facial en Katy Texas,spanish,grok,no,no,,,,,no,
2026-04-04,38,Tratamiento facial profesional en Katy TX,spanish,grok,no,no,,Massage Envy,1:Massage Envy,,no,
2026-04-04,39,HydraFacial en Katy Texas,spanish,grok,no,no,,,,,no,
2026-04-04,40,Mejor tratamiento para el acne en Katy TX,spanish,grok,no,no,,,,,no,
2026-04-04,1,Best facial spa in Katy TX,direct_discovery,openai,yes,yes,mid,,,1,no,**[GV Skincare](https://www.google.com/maps/search/GV+Skincare%2C+Katy%2C+TX?utm_source=openai)**
2026-04-04,2,Best HydraFacial in Katy Texas,direct_discovery,openai,no,no,,,,,no,
2026-04-04,3,Best facial spa near Houston TX,direct_discovery,openai,no,no,,Sanctuary Spa,1:Sanctuary Spa,,no,
2026-04-04,4,Best medspa in Katy TX,direct_discovery,openai,no,no,,,,,no,
2026-04-04,5,Top rated skincare spa Katy Texas,direct_discovery,openai,yes,yes,top,,,1,yes,**[GV SKINCARE CENTER](https://www.gvskincare.com/?utm_source=openai)**
2026-04-04,6,Best place for facials in Katy TX,direct_discovery,openai,no,no,,,,,no,
2026-04-04,7,Professional facial treatment Katy TX,direct_discovery,openai,yes,yes,top,,,1,yes,**[GV SKINCARE CENTER](https://www.gvskincare.com/?utm_source=openai)**
2026-04-04,8,Best facial spa west Houston,direct_discovery,openai,no,no,,Woodhouse Spa,1:Woodhouse Spa,,no,
2026-04-04,9,Best microneedling treatment in Katy TX,treatment_discovery,openai,no,no,,,,,no,
2026-04-04,10,PRP facial treatment Katy Texas,treatment_discovery,openai,no,no,,,,,no,
2026-04-04,11,Best chemical peel facial Katy TX,treatment_discovery,openai,no,no,,,,,no,
2026-04-04,12,Radiofrequency microneedling Katy TX,treatment_discovery,openai,no,no,,,,,no,
2026-04-04,13,Aquagold facial treatment near Houston,treatment_discovery,openai,no,no,,,,,no,
2026-04-04,14,Best acne facial treatment Katy Texas,treatment_discovery,openai,no,no,,,,,no,
2026-04-04,15,Anti-aging facial treatments Katy TX,treatment_discovery,openai,no,no,,,,,no,
2026-04-04,16,Dermaplaning facial Katy TX,treatment_discovery,openai,no,no,,,,,no,
2026-04-04,17,How to treat acne scars in Katy TX,problem_aware,openai,no,no,,,,,no,
2026-04-04,18,Best treatment for melasma near Houston,problem_aware,openai,no,no,,,,,no,
2026-04-04,19,How to reduce wrinkles without surgery Houston area,problem_aware,openai,no,no,,,,,no,
2026-04-04,20,Best treatment for hyperpigmentation Katy TX,problem_aware,openai,no,no,,,,,no,
2026-04-04,21,Where to get PRP for hair loss Katy Texas,problem_aware,openai,no,no,,,,,no,
2026-04-04,22,How to tighten sagging skin without surgery Houston,problem_aware,openai,no,no,,,,,no,
2026-04-04,23,Best facial for dry dehydrated skin Katy TX,problem_aware,openai,no,no,,,,,no,
2026-04-04,24,Teen acne treatment options Katy Texas,problem_aware,openai,no,no,,,,,no,
2026-04-04,25,GV Skincare Katy TX reviews,comparison,openai,yes,yes,featured,,,1,no,## [GV Skincare Center](https://www.google.com/maps/search/GV+Skincare+Center+Katy+TX?utm_source=openai)
2026-04-04,26,Best spas in Katy TX comparison,comparison,openai,no,no,,,,,no,
2026-04-04,27,Hand and Stone vs independent facial spa Katy,comparison,openai,no,no,,Hand & Stone; Groupon,1:Hand & Stone; 2:Groupon,,no,
2026-04-04,28,Woodhouse Spa alternatives Katy Houston,comparison,openai,no,no,,Woodhouse Spa; Trellis Spa,1:Woodhouse Spa; 2:Trellis Spa,,no,
2026-04-04,29,Best HydraFacial provider Houston Katy area,comparison,openai,no,no,,,,,no,
2026-04-04,30,Milk and Honey spa alternatives west Houston,comparison,openai,no,no,,Milk + Honey; Spa at the Post Oak; Sanctuary Spa,1:Milk + Honey; 2:Spa at the Post Oak; 3:Sanctuary Spa,,no,
2026-04-04,31,Is HydraFacial worth it?,thought_leadership,openai,no,no,,RealSelf,1:RealSelf,,no,
2026-04-04,32,PRP facial vs microneedling which is better,thought_leadership,openai,no,no,,,,,no,
2026-04-04,33,How often should you get a facial?,thought_leadership,openai,no,no,,,,,no,
2026-04-04,34,What is radiofrequency microneedling?,thought_leadership,openai,no,no,,LaserAway,1:LaserAway,,no,
2026-04-04,35,Best anti-aging treatments 2026,thought_leadership,openai,no,no,,,,,no,
2026-04-04,36,Chemical peel vs microneedling for acne scars,thought_leadership,openai,no,no,,,,,no,
2026-04-04,37,Mejor spa facial en Katy Texas,spanish,openai,yes,yes,bottom,,,1,yes,**[GV SKINCARE CENTER](https://www.gvskincare.com/?utm_source=openai)**
2026-04-04,38,Tratamiento facial profesional en Katy TX,spanish,openai,yes,yes,top,Massage Envy,1:Massage Envy,1,yes,**[GV SKINCARE CENTER](https://www.gvskincare.com/?utm_source=openai)**
2026-04-04,39,HydraFacial en Katy Texas,spanish,openai,no,no,,,,,no,
2026-04-04,40,Mejor tratamiento para el acne en Katy TX,spanish,openai,no,no,,,,,no,
2026-04-04,1,Best facial spa in Katy TX,direct_discovery,perplexity,no,no,,Hand & Stone,1:Hand & Stone,,no,
2026-04-04,2,Best HydraFacial in Katy Texas,direct_discovery,perplexity,no,no,,,,,no,
2026-04-04,3,Best facial spa near Houston TX,direct_discovery,perplexity,no,no,,Sanctuary Spa; Milk + Honey; Face Foundrie; Trellis Spa,1:Sanctuary Spa; 2:Milk + Honey; 3:Face Foundrie; 4:Trellis Spa,,no,
2026-04-04,4,Best medspa in Katy TX,direct_discovery,perplexity,no,no,,,,,no,
2026-04-04,5,Top rated skincare spa Katy Texas,direct_discovery,perplexity,no,no,,,,,no,
2026-04-04,6,Best place for facials in Katy TX,direct_discovery,perplexity,no,no,,Hand & Stone,1:Hand & Stone,,no,
2026-04-04,7,Professional facial treatment Katy TX,direct_discovery,perplexity,no,no,,,,,no,
2026-04-04,8,Best facial spa west Houston,direct_discovery,perplexity,no,no,,Milk + Honey; Sanctuary Spa; Hiatus Spa,1:Milk + Honey; 2:Sanctuary Spa; 3:Hiatus Spa,,no,
2026-04-04,9,Best microneedling treatment in Katy TX,treatment_discovery,perplexity,no,no,,,,,no,
2026-04-04,10,PRP facial treatment Katy Texas,treatment_discovery,perplexity,no,no,,,,,no,
2026-04-04,11,Best chemical peel facial Katy TX,treatment_discovery,perplexity,no,no,,,,,no,
2026-04-04,12,Radiofrequency microneedling Katy TX,treatment_discovery,perplexity,no,no,,,,,no,
2026-04-04,13,Aquagold facial treatment near Houston,treatment_discovery,perplexity,no,no,,,,,no,
2026-04-04,14,Best acne facial treatment Katy Texas,treatment_discovery,perplexity,no,no,,,,,no,
2026-04-04,15,Anti-aging facial treatments Katy TX,treatment_discovery,perplexity,no,no,,,,,no,
2026-04-04,16,Dermaplaning facial Katy TX,treatment_discovery,perplexity,no,no,,,,,no,
2026-04-04,17,How to treat acne scars in Katy TX,problem_aware,perplexity,no,no,,,,,no,
2026-04-04,18,Best treatment for melasma near Houston,problem_aware,perplexity,no,no,,,,,no,
2026-04-04,19,How to reduce wrinkles without surgery Houston area,problem_aware,perplexity,no,no,,,,,no,
2026-04-04,20,Best treatment for hyperpigmentation Katy TX,problem_aware,perplexity,no,no,,,,,no,
2026-04-04,21,Where to get PRP for hair loss Katy Texas,problem_aware,perplexity,no,no,,,,,no,
2026-04-04,22,How to tighten sagging skin without surgery Houston,problem_aware,perplexity,no,no,,Bellaire Dermatology,1:Bellaire Dermatology,,no,
2026-04-04,23,Best facial for dry dehydrated skin Katy TX,problem_aware,perplexity,no,no,,,,,no,
2026-04-04,24,Teen acne treatment options Katy Texas,problem_aware,perplexity,no,no,,,,,no,
2026-04-04,25,GV Skincare Katy TX reviews,comparison,perplexity,yes,yes,top,,,1,yes,"**GV Skincare Center in Katy, TX, has an excellent reputation with a 4.9-star rating from 856 reviews on Birdeye.** [1]"
2026-04-04,26,Best spas in Katy TX comparison,comparison,perplexity,no,no,,Hand & Stone,1:Hand & Stone,,no,
2026-04-04,27,Hand and Stone vs independent facial spa Katy,comparison,perplexity,no,no,,Hand & Stone,1:Hand & Stone,,no,
2026-04-04,28,Woodhouse Spa alternatives Katy Houston,comparison,perplexity,no,no,,Woodhouse Spa,1:Woodhouse Spa,,no,
2026-04-04,29,Best HydraFacial provider Houston Katy area,comparison,perplexity,no,no,,,,,no,
2026-04-04,30,Milk and Honey spa alternatives west Houston,comparison,perplexity,no,no,,Trellis Spa; Spa at the Post Oak; Hiatus Spa; Milk + Honey,1:Trellis Spa; 2:Spa at the Post Oak; 3:Hiatus Spa; 4:Milk + Honey,,no,
2026-04-04,31,Is HydraFacial worth it?,thought_leadership,perplexity,no,no,,,,,no,
2026-04-04,32,PRP facial vs microneedling which is better,thought_leadership,perplexity,no,no,,,,,no,
2026-04-04,33,How often should you get a facial?,thought_leadership,perplexity,no,no,,,,,no,
2026-04-04,34,What is radiofrequency microneedling?,thought_leadership,perplexity,no,no,,,,,no,
2026-04-04,35,Best anti-aging treatments 2026,thought_leadership,perplexity,no,no,,,,,no,
2026-04-04,36,Chemical peel vs microneedling for acne scars,thought_leadership,perplexity,no,no,,,,,no,
2026-04-04,37,Mejor spa facial en Katy Texas,spanish,perplexity,no,no,,,,,no,
2026-04-04,38,Tratamiento facial profesional en Katy TX,spanish,perplexity,no,no,,,,,no,
2026-04-04,39,HydraFacial en Katy Texas,spanish,perplexity,no,no,,,,,no,
2026-04-04,40,Mejor tratamiento para el acne en Katy TX,spanish,perplexity,no,no,,,,,no,
